tick,node_id,x,y,energy,role,cluster_id
0,1,0.0,0.0,1000,leader,1
0,2,5.0,5.0,10,member,1
0,3,10.0,0.0,15,member,1
0,4,0.0,10.0,12,member,1
0,5,7.0,7.0,8,member,1
0,6,100.0,100.0,500,leader,6
0,7,105.0,98.0,490,member,6
0,8,110.0,100.0,480,member,6
0,9,103.0,107.0,460,member,6
0,10,108.0,105.0,440,member,6
0,11,50.0,50.0,5,member,12
0,12,55.0,52.0,6,leader,12
1,1,0.0,0.0,997,leader,1
1,2,5.0,5.0,9,member,1
1,3,10.0,0.0,14,member,1
1,4,0.0,10.0,11,member,1
1,5,7.0,7.0,7,member,1
1,6,100.0,100.0,497,leader,6
1,7,105.0,98.0,489,member,6
1,8,110.0,100.0,479,member,6
1,9,103.0,107.0,459,member,6
1,10,108.0,105.0,439,member,6
1,11,50.0,50.0,4,member,12
1,12,55.0,52.0,3,leader,12
2,1,0.0,0.0,994,leader,1
2,2,5.0,5.0,8,member,1
2,3,10.0,0.0,13,member,1
2,4,0.0,10.0,10,member,1
2,5,7.0,7.0,6,member,1
2,6,100.0,100.0,494,leader,6
2,7,105.0,98.0,488,member,6
2,8,110.0,100.0,478,member,6
2,9,103.0,107.0,458,member,6
2,10,108.0,105.0,438,member,6
2,11,50.0,50.0,1,leader,11
2,12,55.0,52.0,0,leader,12
3,1,0.0,0.0,991,leader,1
3,2,5.0,5.0,7,member,1
3,3,10.0,0.0,12,member,1
3,4,0.0,10.0,9,member,1
3,5,7.0,7.0,5,member,1
3,6,100.0,100.0,491,leader,6
3,7,105.0,98.0,487,member,6
3,8,110.0,100.0,477,member,6
3,9,103.0,107.0,457,member,6
3,10,108.0,105.0,437,member,6
3,11,50.0,50.0,0,leader,11
4,1,0.0,0.0,988,leader,1
4,2,5.0,5.0,6,member,1
4,3,10.0,0.0,11,member,1
4,4,0.0,10.0,8,member,1
4,5,7.0,7.0,4,member,1
4,6,100.0,100.0,488,leader,6
4,7,105.0,98.0,486,member,6
4,8,110.0,100.0,476,member,6
4,9,103.0,107.0,456,member,6
4,10,108.0,105.0,436,member,6
5,1,0.0,0.0,985,leader,1
5,2,5.0,5.0,5,member,1
5,3,10.0,0.0,10,member,1
5,4,0.0,10.0,7,member,1
5,5,7.0,7.0,3,member,1
5,6,100.0,100.0,485,leader,6
5,7,105.0,98.0,485,member,6
5,8,110.0,100.0,475,member,6
5,9,103.0,107.0,455,member,6
5,10,108.0,105.0,435,member,6
6,1,0.0,0.0,982,leader,1
6,2,5.0,5.0,4,member,1
6,3,10.0,0.0,9,member,1
6,4,0.0,10.0,6,member,1
6,5,7.0,7.0,2,member,1
6,6,100.0,100.0,482,leader,6
6,7,105.0,98.0,484,member,6
6,8,110.0,100.0,474,member,6
6,9,103.0,107.0,454,member,6
6,10,108.0,105.0,434,member,6
7,1,0.0,0.0,979,leader,1
7,2,5.0,5.0,3,member,1
7,3,10.0,0.0,8,member,1
7,4,0.0,10.0,5,member,1
7,5,7.0,7.0,1,member,1
7,6,100.0,100.0,479,leader,6
7,7,105.0,98.0,483,member,6
7,8,110.0,100.0,473,member,6
7,9,103.0,107.0,453,member,6
7,10,108.0,105.0,433,member,6
8,1,0.0,0.0,976,leader,1
8,2,5.0,5.0,2,member,1
8,3,10.0,0.0,7,member,1
8,4,0.0,10.0,4,member,1
8,6,100.0,100.0,476,leader,6
8,7,105.0,98.0,482,member,6
8,8,110.0,100.0,472,member,6
8,9,103.0,107.0,452,member,6
8,10,108.0,105.0,432,member,6
8,5,7.0,7.0,0,member,1
9,1,0.0,0.0,973,leader,1
9,2,5.0,5.0,1,member,1
9,3,10.0,0.0,6,member,1
9,4,0.0,10.0,3,member,1
9,6,100.0,100.0,473,leader,6
9,7,105.0,98.0,481,member,6
9,8,110.0,100.0,471,member,6
9,9,103.0,107.0,451,member,6
9,10,108.0,105.0,431,member,6
10,1,0.0,0.0,970,leader,1
10,3,10.0,0.0,5,member,1
10,4,0.0,10.0,2,member,1
10,6,100.0,100.0,470,leader,6
10,7,105.0,98.0,480,member,6
10,8,110.0,100.0,470,member,6
10,9,103.0,107.0,450,member,6
10,10,108.0,105.0,430,member,6
10,2,5.0,5.0,0,member,1
11,1,0.0,0.0,967,leader,1
11,3,10.0,0.0,4,member,1
11,4,0.0,10.0,1,member,1
11,6,100.0,100.0,467,leader,6
11,7,105.0,98.0,479,member,6
11,8,110.0,100.0,469,member,6
11,9,103.0,107.0,449,member,6
11,10,108.0,105.0,429,member,6
12,1,0.0,0.0,964,leader,1
12,3,10.0,0.0,3,member,1
12,6,100.0,100.0,464,leader,6
12,7,105.0,98.0,478,member,6
12,8,110.0,100.0,468,member,6
12,9,103.0,107.0,448,member,6
12,10,108.0,105.0,428,member,6
12,4,0.0,10.0,0,member,1
13,1,0.0,0.0,961,leader,1
13,3,10.0,0.0,2,member,1
13,6,100.0,100.0,461,leader,6
13,7,105.0,98.0,477,member,6
13,8,110.0,100.0,467,member,6
13,9,103.0,107.0,447,member,6
13,10,108.0,105.0,427,member,6
14,1,0.0,0.0,958,leader,1
14,3,10.0,0.0,1,member,1
14,6,100.0,100.0,458,leader,6
14,7,105.0,98.0,476,member,6
14,8,110.0,100.0,466,member,6
14,9,103.0,107.0,446,member,6
14,10,108.0,105.0,426,member,6
15,1,0.0,0.0,955,leader,1
15,6,100.0,100.0,455,leader,6
15,7,105.0,98.0,475,member,6
15,8,110.0,100.0,465,member,6
15,9,103.0,107.0,445,member,6
15,10,108.0,105.0,425,member,6
15,3,10.0,0.0,0,member,1
16,1,0.0,0.0,952,leader,1
16,6,100.0,100.0,452,leader,6
16,7,105.0,98.0,474,member,6
16,8,110.0,100.0,464,member,6
16,9,103.0,107.0,444,member,6
16,10,108.0,105.0,424,member,6
17,1,0.0,0.0,949,leader,1
17,6,100.0,100.0,449,leader,6
17,7,105.0,98.0,473,member,6
17,8,110.0,100.0,463,member,6
17,9,103.0,107.0,443,member,6
17,10,108.0,105.0,423,member,6
18,1,0.0,0.0,946,leader,1
18,6,100.0,100.0,446,leader,6
18,7,105.0,98.0,472,member,6
18,8,110.0,100.0,462,member,6
18,9,103.0,107.0,442,member,6
18,10,108.0,105.0,422,member,6
19,1,0.0,0.0,943,leader,1
19,6,100.0,100.0,443,leader,6
19,7,105.0,98.0,471,member,6
19,8,110.0,100.0,461,member,6
19,9,103.0,107.0,441,member,6
19,10,108.0,105.0,421,member,6
20,1,0.0,0.0,940,leader,1
20,6,100.0,100.0,440,leader,6
20,7,105.0,98.0,470,member,6
20,8,110.0,100.0,460,member,6
20,9,103.0,107.0,440,member,6
20,10,108.0,105.0,420,member,6
21,1,0.0,0.0,937,leader,1
21,6,100.0,100.0,437,leader,6
21,7,105.0,98.0,469,member,6
21,8,110.0,100.0,459,member,6
21,9,103.0,107.0,439,member,6
21,10,108.0,105.0,419,member,6
22,1,0.0,0.0,934,leader,1
22,6,100.0,100.0,434,leader,6
22,7,105.0,98.0,468,member,6
22,8,110.0,100.0,458,member,6
22,9,103.0,107.0,438,member,6
22,10,108.0,105.0,418,member,6
23,1,0.0,0.0,931,leader,1
23,6,100.0,100.0,431,leader,6
23,7,105.0,98.0,467,member,6
23,8,110.0,100.0,457,member,6
23,9,103.0,107.0,437,member,6
23,10,108.0,105.0,417,member,6
24,1,0.0,0.0,928,leader,1
24,6,100.0,100.0,428,leader,6
24,7,105.0,98.0,466,member,6
24,8,110.0,100.0,456,member,6
24,9,103.0,107.0,436,member,6
24,10,108.0,105.0,416,member,6
25,1,0.0,0.0,925,leader,1
25,6,100.0,100.0,425,leader,6
25,7,105.0,98.0,465,member,6
25,8,110.0,100.0,455,member,6
25,9,103.0,107.0,435,member,6
25,10,108.0,105.0,415,member,6
26,1,0.0,0.0,922,leader,1
26,6,100.0,100.0,422,leader,6
26,7,105.0,98.0,464,member,6
26,8,110.0,100.0,454,member,6
26,9,103.0,107.0,434,member,6
26,10,108.0,105.0,414,member,6
27,1,0.0,0.0,919,leader,1
27,6,100.0,100.0,419,leader,6
27,7,105.0,98.0,463,member,6
27,8,110.0,100.0,453,member,6
27,9,103.0,107.0,433,member,6
27,10,108.0,105.0,413,member,6
28,1,0.0,0.0,916,leader,1
28,6,100.0,100.0,416,leader,6
28,7,105.0,98.0,462,member,6
28,8,110.0,100.0,452,member,6
28,9,103.0,107.0,432,member,6
28,10,108.0,105.0,412,member,6
29,1,0.0,0.0,913,leader,1
29,6,100.0,100.0,413,leader,6
29,7,105.0,98.0,461,member,6
29,8,110.0,100.0,451,member,6
29,9,103.0,107.0,431,member,6
29,10,108.0,105.0,411,member,6
30,1,0.0,0.0,910,leader,1
30,6,100.0,100.0,410,leader,6
30,7,105.0,98.0,460,member,6
30,8,110.0,100.0,450,member,6
30,9,103.0,107.0,430,member,6
30,10,108.0,105.0,410,member,6
31,1,0.0,0.0,907,leader,1
31,6,100.0,100.0,407,leader,6
31,7,105.0,98.0,459,member,6
31,8,110.0,100.0,449,member,6
31,9,103.0,107.0,429,member,6
31,10,108.0,105.0,409,member,6
32,1,0.0,0.0,904,leader,1
32,6,100.0,100.0,404,leader,6
32,7,105.0,98.0,458,member,6
32,8,110.0,100.0,448,member,6
32,9,103.0,107.0,428,member,6
32,10,108.0,105.0,408,member,6
33,1,0.0,0.0,901,leader,1
33,6,100.0,100.0,401,leader,6
33,7,105.0,98.0,457,member,6
33,8,110.0,100.0,447,member,6
33,9,103.0,107.0,427,member,6
33,10,108.0,105.0,407,member,6
34,1,0.0,0.0,898,leader,1
34,6,100.0,100.0,398,leader,6
34,7,105.0,98.0,456,member,6
34,8,110.0,100.0,446,member,6
34,9,103.0,107.0,426,member,6
34,10,108.0,105.0,406,member,6
35,1,0.0,0.0,895,leader,1
35,6,100.0,100.0,395,leader,6
35,7,105.0,98.0,455,member,6
35,8,110.0,100.0,445,member,6
35,9,103.0,107.0,425,member,6
35,10,108.0,105.0,405,member,6
36,1,0.0,0.0,892,leader,1
36,6,100.0,100.0,392,leader,6
36,7,105.0,98.0,454,member,6
36,8,110.0,100.0,444,member,6
36,9,103.0,107.0,424,member,6
36,10,108.0,105.0,404,member,6
37,1,0.0,0.0,889,leader,1
37,6,100.0,100.0,389,leader,6
37,7,105.0,98.0,453,member,6
37,8,110.0,100.0,443,member,6
37,9,103.0,107.0,423,member,6
37,10,108.0,105.0,403,member,6
38,1,0.0,0.0,886,leader,1
38,6,100.0,100.0,386,leader,6
38,7,105.0,98.0,452,member,6
38,8,110.0,100.0,442,member,6
38,9,103.0,107.0,422,member,6
38,10,108.0,105.0,402,member,6
39,1,0.0,0.0,883,leader,1
39,6,100.0,100.0,383,leader,6
39,7,105.0,98.0,451,member,6
39,8,110.0,100.0,441,member,6
39,9,103.0,107.0,421,member,6
39,10,108.0,105.0,401,member,6
40,1,0.0,0.0,880,leader,1
40,6,100.0,100.0,380,leader,6
40,7,105.0,98.0,450,member,6
40,8,110.0,100.0,440,member,6
40,9,103.0,107.0,420,member,6
40,10,108.0,105.0,400,member,6
41,1,0.0,0.0,877,leader,1
41,6,100.0,100.0,377,leader,6
41,7,105.0,98.0,449,member,6
41,8,110.0,100.0,439,member,6
41,9,103.0,107.0,419,member,6
41,10,108.0,105.0,399,member,6
42,1,0.0,0.0,874,leader,1
42,6,100.0,100.0,374,leader,6
42,7,105.0,98.0,448,member,6
42,8,110.0,100.0,438,member,6
42,9,103.0,107.0,418,member,6
42,10,108.0,105.0,398,member,6
43,1,0.0,0.0,871,leader,1
43,6,100.0,100.0,371,leader,6
43,7,105.0,98.0,447,member,6
43,8,110.0,100.0,437,member,6
43,9,103.0,107.0,417,member,6
43,10,108.0,105.0,397,member,6
44,1,0.0,0.0,868,leader,1
44,6,100.0,100.0,368,leader,6
44,7,105.0,98.0,446,member,6
44,8,110.0,100.0,436,member,6
44,9,103.0,107.0,416,member,6
44,10,108.0,105.0,396,member,6
45,1,0.0,0.0,865,leader,1
45,6,100.0,100.0,365,leader,6
45,7,105.0,98.0,445,member,6
45,8,110.0,100.0,435,member,6
45,9,103.0,107.0,415,member,6
45,10,108.0,105.0,395,member,6
46,1,0.0,0.0,862,leader,1
46,6,100.0,100.0,362,leader,6
46,7,105.0,98.0,444,member,6
46,8,110.0,100.0,434,member,6
46,9,103.0,107.0,414,member,6
46,10,108.0,105.0,394,member,6
47,1,0.0,0.0,859,leader,1
47,6,100.0,100.0,359,leader,6
47,7,105.0,98.0,443,member,6
47,8,110.0,100.0,433,member,6
47,9,103.0,107.0,413,member,6
47,10,108.0,105.0,393,member,6
48,1,0.0,0.0,856,leader,1
48,6,100.0,100.0,356,leader,6
48,7,105.0,98.0,442,member,6
48,8,110.0,100.0,432,member,6
48,9,103.0,107.0,412,member,6
48,10,108.0,105.0,392,member,6
49,1,0.0,0.0,853,leader,1
49,6,100.0,100.0,353,leader,6
49,7,105.0,98.0,441,member,6
49,8,110.0,100.0,431,member,6
49,9,103.0,107.0,411,member,6
49,10,108.0,105.0,391,member,6
50,1,0.0,0.0,850,leader,1
50,6,100.0,100.0,350,leader,6
50,7,105.0,98.0,440,member,6
50,8,110.0,100.0,430,member,6
50,9,103.0,107.0,410,member,6
50,10,108.0,105.0,390,member,6
51,1,0.0,0.0,847,leader,1
51,6,100.0,100.0,347,leader,6
51,7,105.0,98.0,439,member,6
51,8,110.0,100.0,429,member,6
51,9,103.0,107.0,409,member,6
51,10,108.0,105.0,389,member,6
52,1,0.0,0.0,844,leader,1
52,6,100.0,100.0,344,leader,6
52,7,105.0,98.0,438,member,6
52,8,110.0,100.0,428,member,6
52,9,103.0,107.0,408,member,6
52,10,108.0,105.0,388,member,6
53,1,0.0,0.0,841,leader,1
53,6,100.0,100.0,341,leader,6
53,7,105.0,98.0,437,member,6
53,8,110.0,100.0,427,member,6
53,9,103.0,107.0,407,member,6
53,10,108.0,105.0,387,member,6
54,1,0.0,0.0,838,leader,1
54,6,100.0,100.0,338,leader,6
54,7,105.0,98.0,436,member,6
54,8,110.0,100.0,426,member,6
54,9,103.0,107.0,406,member,6
54,10,108.0,105.0,386,member,6
55,1,0.0,0.0,835,leader,1
55,6,100.0,100.0,335,leader,6
55,7,105.0,98.0,435,member,6
55,8,110.0,100.0,425,member,6
55,9,103.0,107.0,405,member,6
55,10,108.0,105.0,385,member,6
56,1,0.0,0.0,832,leader,1
56,6,100.0,100.0,332,leader,6
56,7,105.0,98.0,434,member,6
56,8,110.0,100.0,424,member,6
56,9,103.0,107.0,404,member,6
56,10,108.0,105.0,384,member,6
57,1,0.0,0.0,829,leader,1
57,6,100.0,100.0,329,leader,6
57,7,105.0,98.0,433,member,6
57,8,110.0,100.0,423,member,6
57,9,103.0,107.0,403,member,6
57,10,108.0,105.0,383,member,6
58,1,0.0,0.0,826,leader,1
58,6,100.0,100.0,326,leader,6
58,7,105.0,98.0,432,member,6
58,8,110.0,100.0,422,member,6
58,9,103.0,107.0,402,member,6
58,10,108.0,105.0,382,member,6
59,1,0.0,0.0,823,leader,1
59,6,100.0,100.0,323,leader,6
59,7,105.0,98.0,431,member,6
59,8,110.0,100.0,421,member,6
59,9,103.0,107.0,401,member,6
59,10,108.0,105.0,381,member,6
60,1,0.0,0.0,820,leader,1
60,6,100.0,100.0,320,leader,6
60,7,105.0,98.0,430,member,6
60,8,110.0,100.0,420,member,6
60,9,103.0,107.0,400,member,6
60,10,108.0,105.0,380,member,6
61,1,0.0,0.0,817,leader,1
61,6,100.0,100.0,317,leader,6
61,7,105.0,98.0,429,member,6
61,8,110.0,100.0,419,member,6
61,9,103.0,107.0,399,member,6
61,10,108.0,105.0,379,member,6
62,1,0.0,0.0,814,leader,1
62,6,100.0,100.0,314,leader,6
62,7,105.0,98.0,428,member,6
62,8,110.0,100.0,418,member,6
62,9,103.0,107.0,398,member,6
62,10,108.0,105.0,378,member,6
63,1,0.0,0.0,811,leader,1
63,6,100.0,100.0,311,leader,6
63,7,105.0,98.0,427,member,6
63,8,110.0,100.0,417,member,6
63,9,103.0,107.0,397,member,6
63,10,108.0,105.0,377,member,6
64,1,0.0,0.0,808,leader,1
64,6,100.0,100.0,308,leader,6
64,7,105.0,98.0,426,member,6
64,8,110.0,100.0,416,member,6
64,9,103.0,107.0,396,member,6
64,10,108.0,105.0,376,member,6
65,1,0.0,0.0,805,leader,1
65,6,100.0,100.0,305,leader,6
65,7,105.0,98.0,425,member,6
65,8,110.0,100.0,415,member,6
65,9,103.0,107.0,395,member,6
65,10,108.0,105.0,375,member,6
66,1,0.0,0.0,802,leader,1
66,6,100.0,100.0,302,leader,6
66,7,105.0,98.0,424,member,6
66,8,110.0,100.0,414,member,6
66,9,103.0,107.0,394,member,6
66,10,108.0,105.0,374,member,6
67,1,0.0,0.0,799,leader,1
67,6,100.0,100.0,299,leader,6
67,7,105.0,98.0,423,member,6
67,8,110.0,100.0,413,member,6
67,9,103.0,107.0,393,member,6
67,10,108.0,105.0,373,member,6
68,1,0.0,0.0,796,leader,1
68,6,100.0,100.0,296,leader,6
68,7,105.0,98.0,422,member,6
68,8,110.0,100.0,412,member,6
68,9,103.0,107.0,392,member,6
68,10,108.0,105.0,372,member,6
69,1,0.0,0.0,793,leader,1
69,6,100.0,100.0,293,leader,6
69,7,105.0,98.0,421,member,6
69,8,110.0,100.0,411,member,6
69,9,103.0,107.0,391,member,6
69,10,108.0,105.0,371,member,6
70,1,0.0,0.0,790,leader,1
70,6,100.0,100.0,290,leader,6
70,7,105.0,98.0,420,member,6
70,8,110.0,100.0,410,member,6
70,9,103.0,107.0,390,member,6
70,10,108.0,105.0,370,member,6
71,1,0.0,0.0,787,leader,1
71,6,100.0,100.0,287,leader,6
71,7,105.0,98.0,419,member,6
71,8,110.0,100.0,409,member,6
71,9,103.0,107.0,389,member,6
71,10,108.0,105.0,369,member,6
72,1,0.0,0.0,784,leader,1
72,6,100.0,100.0,284,leader,6
72,7,105.0,98.0,418,member,6
72,8,110.0,100.0,408,member,6
72,9,103.0,107.0,388,member,6
72,10,108.0,105.0,368,member,6
73,1,0.0,0.0,781,leader,1
73,6,100.0,100.0,281,leader,6
73,7,105.0,98.0,417,member,6
73,8,110.0,100.0,407,member,6
73,9,103.0,107.0,387,member,6
73,10,108.0,105.0,367,member,6
74,1,0.0,0.0,778,leader,1
74,6,100.0,100.0,278,leader,6
74,7,105.0,98.0,416,member,6
74,8,110.0,100.0,406,member,6
74,9,103.0,107.0,386,member,6
74,10,108.0,105.0,366,member,6
75,1,0.0,0.0,775,leader,1
75,6,100.0,100.0,275,leader,6
75,7,105.0,98.0,415,member,6
75,8,110.0,100.0,405,member,6
75,9,103.0,107.0,385,member,6
75,10,108.0,105.0,365,member,6
76,1,0.0,0.0,772,leader,1
76,6,100.0,100.0,272,leader,6
76,7,105.0,98.0,414,member,6
76,8,110.0,100.0,404,member,6
76,9,103.0,107.0,384,member,6
76,10,108.0,105.0,364,member,6
77,1,0.0,0.0,769,leader,1
77,6,100.0,100.0,269,leader,6
77,7,105.0,98.0,413,member,6
77,8,110.0,100.0,403,member,6
77,9,103.0,107.0,383,member,6
77,10,108.0,105.0,363,member,6
78,1,0.0,0.0,766,leader,1
78,6,100.0,100.0,266,leader,6
78,7,105.0,98.0,412,member,6
78,8,110.0,100.0,402,member,6
78,9,103.0,107.0,382,member,6
78,10,108.0,105.0,362,member,6
79,1,0.0,0.0,763,leader,1
79,6,100.0,100.0,263,leader,6
79,7,105.0,98.0,411,member,6
79,8,110.0,100.0,401,member,6
79,9,103.0,107.0,381,member,6
79,10,108.0,105.0,361,member,6
80,1,0.0,0.0,760,leader,1
80,6,100.0,100.0,260,leader,6
80,7,105.0,98.0,410,member,6
80,8,110.0,100.0,400,member,6
80,9,103.0,107.0,380,member,6
80,10,108.0,105.0,360,member,6
81,1,0.0,0.0,757,leader,1
81,6,100.0,100.0,257,leader,6
81,7,105.0,98.0,409,member,6
81,8,110.0,100.0,399,member,6
81,9,103.0,107.0,379,member,6
81,10,108.0,105.0,359,member,6
82,1,0.0,0.0,754,leader,1
82,6,100.0,100.0,254,leader,6
82,7,105.0,98.0,408,member,6
82,8,110.0,100.0,398,member,6
82,9,103.0,107.0,378,member,6
82,10,108.0,105.0,358,member,6
83,1,0.0,0.0,751,leader,1
83,6,100.0,100.0,251,leader,6
83,7,105.0,98.0,407,member,6
83,8,110.0,100.0,397,member,6
83,9,103.0,107.0,377,member,6
83,10,108.0,105.0,357,member,6
84,1,0.0,0.0,748,leader,1
84,6,100.0,100.0,248,leader,6
84,7,105.0,98.0,406,member,6
84,8,110.0,100.0,396,member,6
84,9,103.0,107.0,376,member,6
84,10,108.0,105.0,356,member,6
85,1,0.0,0.0,745,leader,1
85,6,100.0,100.0,245,leader,6
85,7,105.0,98.0,405,member,6
85,8,110.0,100.0,395,member,6
85,9,103.0,107.0,375,member,6
85,10,108.0,105.0,355,member,6
86,1,0.0,0.0,742,leader,1
86,6,100.0,100.0,242,leader,6
86,7,105.0,98.0,404,member,6
86,8,110.0,100.0,394,member,6
86,9,103.0,107.0,374,member,6
86,10,108.0,105.0,354,member,6
87,1,0.0,0.0,739,leader,1
87,6,100.0,100.0,239,leader,6
87,7,105.0,98.0,403,member,6
87,8,110.0,100.0,393,member,6
87,9,103.0,107.0,373,member,6
87,10,108.0,105.0,353,member,6
88,1,0.0,0.0,736,leader,1
88,6,100.0,100.0,236,leader,6
88,7,105.0,98.0,402,member,6
88,8,110.0,100.0,392,member,6
88,9,103.0,107.0,372,member,6
88,10,108.0,105.0,352,member,6
89,1,0.0,0.0,733,leader,1
89,6,100.0,100.0,233,leader,6
89,7,105.0,98.0,401,member,6
89,8,110.0,100.0,391,member,6
89,9,103.0,107.0,371,member,6
89,10,108.0,105.0,351,member,6
90,1,0.0,0.0,730,leader,1
90,6,100.0,100.0,230,leader,6
90,7,105.0,98.0,400,member,6
90,8,110.0,100.0,390,member,6
90,9,103.0,107.0,370,member,6
90,10,108.0,105.0,350,member,6
91,1,0.0,0.0,727,leader,1
91,6,100.0,100.0,227,leader,6
91,7,105.0,98.0,399,member,6
91,8,110.0,100.0,389,member,6
91,9,103.0,107.0,369,member,6
91,10,108.0,105.0,349,member,6
92,1,0.0,0.0,724,leader,1
92,6,100.0,100.0,224,leader,6
92,7,105.0,98.0,398,member,6
92,8,110.0,100.0,388,member,6
92,9,103.0,107.0,368,member,6
92,10,108.0,105.0,348,member,6
93,1,0.0,0.0,721,leader,1
93,6,100.0,100.0,221,leader,6
93,7,105.0,98.0,397,member,6
93,8,110.0,100.0,387,member,6
93,9,103.0,107.0,367,member,6
93,10,108.0,105.0,347,member,6
94,1,0.0,0.0,718,leader,1
94,6,100.0,100.0,218,leader,6
94,7,105.0,98.0,396,member,6
94,8,110.0,100.0,386,member,6
94,9,103.0,107.0,366,member,6
94,10,108.0,105.0,346,member,6
95,1,0.0,0.0,715,leader,1
95,6,100.0,100.0,215,leader,6
95,7,105.0,98.0,395,member,6
95,8,110.0,100.0,385,member,6
95,9,103.0,107.0,365,member,6
95,10,108.0,105.0,345,member,6
96,1,0.0,0.0,712,leader,1
96,6,100.0,100.0,212,leader,6
96,7,105.0,98.0,394,member,6
96,8,110.0,100.0,384,member,6
96,9,103.0,107.0,364,member,6
96,10,108.0,105.0,344,member,6
97,1,0.0,0.0,709,leader,1
97,6,100.0,100.0,209,leader,6
97,7,105.0,98.0,393,member,6
97,8,110.0,100.0,383,member,6
97,9,103.0,107.0,363,member,6
97,10,108.0,105.0,343,member,6
98,1,0.0,0.0,706,leader,1
98,6,100.0,100.0,206,leader,6
98,7,105.0,98.0,392,member,6
98,8,110.0,100.0,382,member,6
98,9,103.0,107.0,362,member,6
98,10,108.0,105.0,342,member,6
99,1,0.0,0.0,703,leader,1
99,6,100.0,100.0,203,leader,6
99,7,105.0,98.0,391,member,6
99,8,110.0,100.0,381,member,6
99,9,103.0,107.0,361,member,6
99,10,108.0,105.0,341,member,6
100,1,0.0,0.0,700,leader,1
100,6,100.0,100.0,200,leader,6
100,7,105.0,98.0,390,member,6
100,8,110.0,100.0,380,member,6
100,9,103.0,107.0,360,member,6
100,10,108.0,105.0,340,member,6
101,1,0.0,0.0,697,leader,1
101,6,100.0,100.0,197,leader,6
101,7,105.0,98.0,389,member,6
101,8,110.0,100.0,379,member,6
101,9,103.0,107.0,359,member,6
101,10,108.0,105.0,339,member,6
102,1,0.0,0.0,694,leader,1
102,6,100.0,100.0,194,leader,6
102,7,105.0,98.0,388,member,6
102,8,110.0,100.0,378,member,6
102,9,103.0,107.0,358,member,6
102,10,108.0,105.0,338,member,6
103,1,0.0,0.0,691,leader,1
103,6,100.0,100.0,191,leader,6
103,7,105.0,98.0,387,member,6
103,8,110.0,100.0,377,member,6
103,9,103.0,107.0,357,member,6
103,10,108.0,105.0,337,member,6
104,1,0.0,0.0,688,leader,1
104,6,100.0,100.0,188,leader,6
104,7,105.0,98.0,386,member,6
104,8,110.0,100.0,376,member,6
104,9,103.0,107.0,356,member,6
104,10,108.0,105.0,336,member,6
105,1,0.0,0.0,685,leader,1
105,6,100.0,100.0,185,leader,6
105,7,105.0,98.0,385,member,6
105,8,110.0,100.0,375,member,6
105,9,103.0,107.0,355,member,6
105,10,108.0,105.0,335,member,6
106,1,0.0,0.0,682,leader,1
106,6,100.0,100.0,182,leader,6
106,7,105.0,98.0,384,member,6
106,8,110.0,100.0,374,member,6
106,9,103.0,107.0,354,member,6
106,10,108.0,105.0,334,member,6
107,1,0.0,0.0,679,leader,1
107,6,100.0,100.0,179,leader,6
107,7,105.0,98.0,383,member,6
107,8,110.0,100.0,373,member,6
107,9,103.0,107.0,353,member,6
107,10,108.0,105.0,333,member,6
108,1,0.0,0.0,676,leader,1
108,6,100.0,100.0,176,leader,6
108,7,105.0,98.0,382,member,6
108,8,110.0,100.0,372,member,6
108,9,103.0,107.0,352,member,6
108,10,108.0,105.0,332,member,6
109,1,0.0,0.0,673,leader,1
109,6,100.0,100.0,173,leader,6
109,7,105.0,98.0,381,member,6
109,8,110.0,100.0,371,member,6
109,9,103.0,107.0,351,member,6
109,10,108.0,105.0,331,member,6
110,1,0.0,0.0,670,leader,1
110,6,100.0,100.0,170,leader,6
110,7,105.0,98.0,380,member,6
110,8,110.0,100.0,370,member,6
110,9,103.0,107.0,350,member,6
110,10,108.0,105.0,330,member,6
111,1,0.0,0.0,667,leader,1
111,6,100.0,100.0,167,leader,6
111,7,105.0,98.0,379,member,6
111,8,110.0,100.0,369,member,6
111,9,103.0,107.0,349,member,6
111,10,108.0,105.0,329,member,6
112,1,0.0,0.0,664,leader,1
112,6,100.0,100.0,164,leader,6
112,7,105.0,98.0,378,member,6
112,8,110.0,100.0,368,member,6
112,9,103.0,107.0,348,member,6
112,10,108.0,105.0,328,member,6
113,1,0.0,0.0,661,leader,1
113,6,100.0,100.0,161,leader,6
113,7,105.0,98.0,377,member,6
113,8,110.0,100.0,367,member,6
113,9,103.0,107.0,347,member,6
113,10,108.0,105.0,327,member,6
114,1,0.0,0.0,658,leader,1
114,6,100.0,100.0,158,leader,6
114,7,105.0,98.0,376,member,6
114,8,110.0,100.0,366,member,6
114,9,103.0,107.0,346,member,6
114,10,108.0,105.0,326,member,6
115,1,0.0,0.0,655,leader,1
115,6,100.0,100.0,155,leader,6
115,7,105.0,98.0,375,member,6
115,8,110.0,100.0,365,member,6
115,9,103.0,107.0,345,member,6
115,10,108.0,105.0,325,member,6
116,1,0.0,0.0,652,leader,1
116,6,100.0,100.0,152,leader,6
116,7,105.0,98.0,374,member,6
116,8,110.0,100.0,364,member,6
116,9,103.0,107.0,344,member,6
116,10,108.0,105.0,324,member,6
117,1,0.0,0.0,649,leader,1
117,6,100.0,100.0,149,leader,6
117,7,105.0,98.0,373,member,6
117,8,110.0,100.0,363,member,6
117,9,103.0,107.0,343,member,6
117,10,108.0,105.0,323,member,6
118,1,0.0,0.0,646,leader,1
118,6,100.0,100.0,146,leader,6
118,7,105.0,98.0,372,member,6
118,8,110.0,100.0,362,member,6
118,9,103.0,107.0,342,member,6
118,10,108.0,105.0,322,member,6
119,1,0.0,0.0,643,leader,1
119,6,100.0,100.0,143,leader,6
119,7,105.0,98.0,371,member,6
119,8,110.0,100.0,361,member,6
119,9,103.0,107.0,341,member,6
119,10,108.0,105.0,321,member,6
120,1,0.0,0.0,640,leader,1
120,6,100.0,100.0,140,leader,6
120,7,105.0,98.0,370,member,6
120,8,110.0,100.0,360,member,6
120,9,103.0,107.0,340,member,6
120,10,108.0,105.0,320,member,6
121,1,0.0,0.0,637,leader,1
121,6,100.0,100.0,137,leader,6
121,7,105.0,98.0,369,member,6
121,8,110.0,100.0,359,member,6
121,9,103.0,107.0,339,member,6
121,10,108.0,105.0,319,member,6
122,1,0.0,0.0,634,leader,1
122,6,100.0,100.0,134,leader,6
122,7,105.0,98.0,368,member,6
122,8,110.0,100.0,358,member,6
122,9,103.0,107.0,338,member,6
122,10,108.0,105.0,318,member,6
123,1,0.0,0.0,631,leader,1
123,6,100.0,100.0,131,leader,6
123,7,105.0,98.0,367,member,6
123,8,110.0,100.0,357,member,6
123,9,103.0,107.0,337,member,6
123,10,108.0,105.0,317,member,6
124,1,0.0,0.0,628,leader,1
124,6,100.0,100.0,128,leader,6
124,7,105.0,98.0,366,member,6
124,8,110.0,100.0,356,member,6
124,9,103.0,107.0,336,member,6
124,10,108.0,105.0,316,member,6
125,1,0.0,0.0,625,leader,1
125,6,100.0,100.0,125,leader,6
125,7,105.0,98.0,365,member,6
125,8,110.0,100.0,355,member,6
125,9,103.0,107.0,335,member,6
125,10,108.0,105.0,315,member,6
126,1,0.0,0.0,622,leader,1
126,6,100.0,100.0,122,leader,6
126,7,105.0,98.0,364,member,6
126,8,110.0,100.0,354,member,6
126,9,103.0,107.0,334,member,6
126,10,108.0,105.0,314,member,6
127,1,0.0,0.0,619,leader,1
127,6,100.0,100.0,119,leader,6
127,7,105.0,98.0,363,member,6
127,8,110.0,100.0,353,member,6
127,9,103.0,107.0,333,member,6
127,10,108.0,105.0,313,member,6
128,1,0.0,0.0,616,leader,1
128,6,100.0,100.0,116,leader,6
128,7,105.0,98.0,362,member,6
128,8,110.0,100.0,352,member,6
128,9,103.0,107.0,332,member,6
128,10,108.0,105.0,312,member,6
129,1,0.0,0.0,613,leader,1
129,6,100.0,100.0,113,leader,6
129,7,105.0,98.0,361,member,6
129,8,110.0,100.0,351,member,6
129,9,103.0,107.0,331,member,6
129,10,108.0,105.0,311,member,6
130,1,0.0,0.0,610,leader,1
130,6,100.0,100.0,110,leader,6
130,7,105.0,98.0,360,member,6
130,8,110.0,100.0,350,member,6
130,9,103.0,107.0,330,member,6
130,10,108.0,105.0,310,member,6
131,1,0.0,0.0,607,leader,1
131,6,100.0,100.0,107,leader,6
131,7,105.0,98.0,359,member,6
131,8,110.0,100.0,349,member,6
131,9,103.0,107.0,329,member,6
131,10,108.0,105.0,309,member,6
132,1,0.0,0.0,604,leader,1
132,6,100.0,100.0,104,leader,6
132,7,105.0,98.0,358,member,6
132,8,110.0,100.0,348,member,6
132,9,103.0,107.0,328,member,6
132,10,108.0,105.0,308,member,6
133,1,0.0,0.0,601,leader,1
133,6,100.0,100.0,101,leader,6
133,7,105.0,98.0,357,member,6
133,8,110.0,100.0,347,member,6
133,9,103.0,107.0,327,member,6
133,10,108.0,105.0,307,member,6
134,1,0.0,0.0,598,leader,1
134,6,100.0,100.0,98,leader,6
134,7,105.0,98.0,356,member,6
134,8,110.0,100.0,346,member,6
134,9,103.0,107.0,326,member,6
134,10,108.0,105.0,306,member,6
135,1,0.0,0.0,595,leader,1
135,6,100.0,100.0,95,leader,6
135,7,105.0,98.0,355,member,6
135,8,110.0,100.0,345,member,6
135,9,103.0,107.0,325,member,6
135,10,108.0,105.0,305,member,6
136,1,0.0,0.0,592,leader,1
136,6,100.0,100.0,92,leader,6
136,7,105.0,98.0,354,member,6
136,8,110.0,100.0,344,member,6
136,9,103.0,107.0,324,member,6
136,10,108.0,105.0,304,member,6
137,1,0.0,0.0,589,leader,1
137,6,100.0,100.0,89,leader,6
137,7,105.0,98.0,353,member,6
137,8,110.0,100.0,343,member,6
137,9,103.0,107.0,323,member,6
137,10,108.0,105.0,303,member,6
138,1,0.0,0.0,586,leader,1
138,6,100.0,100.0,86,leader,6
138,7,105.0,98.0,352,member,6
138,8,110.0,100.0,342,member,6
138,9,103.0,107.0,322,member,6
138,10,108.0,105.0,302,member,6
139,1,0.0,0.0,583,leader,1
139,6,100.0,100.0,83,leader,6
139,7,105.0,98.0,351,member,6
139,8,110.0,100.0,341,member,6
139,9,103.0,107.0,321,member,6
139,10,108.0,105.0,301,member,6
140,1,0.0,0.0,580,leader,1
140,6,100.0,100.0,80,leader,6
140,7,105.0,98.0,350,member,6
140,8,110.0,100.0,340,member,6
140,9,103.0,107.0,320,member,6
140,10,108.0,105.0,300,member,6
141,1,0.0,0.0,577,leader,1
141,6,100.0,100.0,77,leader,6
141,7,105.0,98.0,349,member,6
141,8,110.0,100.0,339,member,6
141,9,103.0,107.0,319,member,6
141,10,108.0,105.0,299,member,6
142,1,0.0,0.0,574,leader,1
142,6,100.0,100.0,74,leader,6
142,7,105.0,98.0,348,member,6
142,8,110.0,100.0,338,member,6
142,9,103.0,107.0,318,member,6
142,10,108.0,105.0,298,member,6
143,1,0.0,0.0,571,leader,1
143,6,100.0,100.0,71,leader,6
143,7,105.0,98.0,347,member,6
143,8,110.0,100.0,337,member,6
143,9,103.0,107.0,317,member,6
143,10,108.0,105.0,297,member,6
144,1,0.0,0.0,568,leader,1
144,6,100.0,100.0,68,leader,6
144,7,105.0,98.0,346,member,6
144,8,110.0,100.0,336,member,6
144,9,103.0,107.0,316,member,6
144,10,108.0,105.0,296,member,6
145,1,0.0,0.0,565,leader,1
145,6,100.0,100.0,65,leader,6
145,7,105.0,98.0,345,member,6
145,8,110.0,100.0,335,member,6
145,9,103.0,107.0,315,member,6
145,10,108.0,105.0,295,member,6
146,1,0.0,0.0,562,leader,1
146,6,100.0,100.0,62,leader,6
146,7,105.0,98.0,344,member,6
146,8,110.0,100.0,334,member,6
146,9,103.0,107.0,314,member,6
146,10,108.0,105.0,294,member,6
147,1,0.0,0.0,559,leader,1
147,6,100.0,100.0,59,leader,6
147,7,105.0,98.0,343,member,6
147,8,110.0,100.0,333,member,6
147,9,103.0,107.0,313,member,6
147,10,108.0,105.0,293,member,6
148,1,0.0,0.0,556,leader,1
148,6,100.0,100.0,56,leader,6
148,7,105.0,98.0,342,member,6
148,8,110.0,100.0,332,member,6
148,9,103.0,107.0,312,member,6
148,10,108.0,105.0,292,member,6
149,1,0.0,0.0,553,leader,1
149,6,100.0,100.0,53,leader,6
149,7,105.0,98.0,341,member,6
149,8,110.0,100.0,331,member,6
149,9,103.0,107.0,311,member,6
149,10,108.0,105.0,291,member,6
150,1,0.0,0.0,550,leader,1
150,6,100.0,100.0,50,leader,6
150,7,105.0,98.0,340,member,6
150,8,110.0,100.0,330,member,6
150,9,103.0,107.0,310,member,6
150,10,108.0,105.0,290,member,6
151,1,0.0,0.0,547,leader,1
151,6,100.0,100.0,47,leader,6
151,7,105.0,98.0,339,member,6
151,8,110.0,100.0,329,member,6
151,9,103.0,107.0,309,member,6
151,10,108.0,105.0,289,member,6
152,1,0.0,0.0,544,leader,1
152,6,100.0,100.0,44,leader,6
152,7,105.0,98.0,338,member,6
152,8,110.0,100.0,328,member,6
152,9,103.0,107.0,308,member,6
152,10,108.0,105.0,288,member,6
153,1,0.0,0.0,541,leader,1
153,6,100.0,100.0,41,leader,6
153,7,105.0,98.0,337,member,6
153,8,110.0,100.0,327,member,6
153,9,103.0,107.0,307,member,6
153,10,108.0,105.0,287,member,6
154,1,0.0,0.0,538,leader,1
154,6,100.0,100.0,38,leader,6
154,7,105.0,98.0,336,member,6
154,8,110.0,100.0,326,member,6
154,9,103.0,107.0,306,member,6
154,10,108.0,105.0,286,member,6
155,1,0.0,0.0,535,leader,1
155,6,100.0,100.0,35,leader,6
155,7,105.0,98.0,335,member,6
155,8,110.0,100.0,325,member,6
155,9,103.0,107.0,305,member,6
155,10,108.0,105.0,285,member,6
156,1,0.0,0.0,532,leader,1
156,6,100.0,100.0,32,leader,6
156,7,105.0,98.0,334,member,6
156,8,110.0,100.0,324,member,6
156,9,103.0,107.0,304,member,6
156,10,108.0,105.0,284,member,6
157,1,0.0,0.0,529,leader,1
157,6,100.0,100.0,29,leader,6
157,7,105.0,98.0,333,member,6
157,8,110.0,100.0,323,member,6
157,9,103.0,107.0,303,member,6
157,10,108.0,105.0,283,member,6
158,1,0.0,0.0,526,leader,1
158,6,100.0,100.0,26,leader,6
158,7,105.0,98.0,332,member,6
158,8,110.0,100.0,322,member,6
158,9,103.0,107.0,302,member,6
158,10,108.0,105.0,282,member,6
159,1,0.0,0.0,523,leader,1
159,6,100.0,100.0,23,leader,6
159,7,105.0,98.0,331,member,6
159,8,110.0,100.0,321,member,6
159,9,103.0,107.0,301,member,6
159,10,108.0,105.0,281,member,6
160,1,0.0,0.0,520,leader,1
160,6,100.0,100.0,20,leader,6
160,7,105.0,98.0,330,member,6
160,8,110.0,100.0,320,member,6
160,9,103.0,107.0,300,member,6
160,10,108.0,105.0,280,member,6
161,1,0.0,0.0,517,leader,1
161,6,100.0,100.0,17,leader,6
161,7,105.0,98.0,329,member,6
161,8,110.0,100.0,319,member,6
161,9,103.0,107.0,299,member,6
161,10,108.0,105.0,279,member,6
162,1,0.0,0.0,514,leader,1
162,6,100.0,100.0,14,leader,6
162,7,105.0,98.0,328,member,6
162,8,110.0,100.0,318,member,6
162,9,103.0,107.0,298,member,6
162,10,108.0,105.0,278,member,6
163,1,0.0,0.0,511,leader,1
163,6,100.0,100.0,11,leader,6
163,7,105.0,98.0,327,member,6
163,8,110.0,100.0,317,member,6
163,9,103.0,107.0,297,member,6
163,10,108.0,105.0,277,member,6
164,1,0.0,0.0,508,leader,1
164,6,100.0,100.0,8,leader,6
164,7,105.0,98.0,326,member,6
164,8,110.0,100.0,316,member,6
164,9,103.0,107.0,296,member,6
164,10,108.0,105.0,276,member,6
165,1,0.0,0.0,505,leader,1
165,6,100.0,100.0,5,leader,6
165,7,105.0,98.0,325,member,6
165,8,110.0,100.0,315,member,6
165,9,103.0,107.0,295,member,6
165,10,108.0,105.0,275,member,6
166,1,0.0,0.0,502,leader,1
166,6,100.0,100.0,2,leader,6
166,7,105.0,98.0,324,member,6
166,8,110.0,100.0,314,member,6
166,9,103.0,107.0,294,member,6
166,10,108.0,105.0,274,member,6
167,1,0.0,0.0,499,leader,1
167,7,105.0,98.0,321,leader,7
167,8,110.0,100.0,311,member,7
167,9,103.0,107.0,291,member,7
167,10,108.0,105.0,271,member,7
167,6,100.0,100.0,0,leader,6
168,1,0.0,0.0,496,leader,1
168,7,105.0,98.0,318,leader,7
168,8,110.0,100.0,310,member,7
168,9,103.0,107.0,290,member,7
168,10,108.0,105.0,270,member,7
169,1,0.0,0.0,493,leader,1
169,7,105.0,98.0,315,leader,7
169,8,110.0,100.0,309,member,7
169,9,103.0,107.0,289,member,7
169,10,108.0,105.0,269,member,7
170,1,0.0,0.0,490,leader,1
170,7,105.0,98.0,312,leader,7
170,8,110.0,100.0,308,member,7
170,9,103.0,107.0,288,member,7
170,10,108.0,105.0,268,member,7
171,1,0.0,0.0,487,leader,1
171,7,105.0,98.0,309,leader,7
171,8,110.0,100.0,307,member,7
171,9,103.0,107.0,287,member,7
171,10,108.0,105.0,267,member,7
172,1,0.0,0.0,484,leader,1
172,7,105.0,98.0,306,leader,7
172,8,110.0,100.0,306,member,7
172,9,103.0,107.0,286,member,7
172,10,108.0,105.0,266,member,7
173,1,0.0,0.0,481,leader,1
173,7,105.0,98.0,303,leader,7
173,8,110.0,100.0,305,member,7
173,9,103.0,107.0,285,member,7
173,10,108.0,105.0,265,member,7
174,1,0.0,0.0,478,leader,1
174,7,105.0,98.0,300,leader,7
174,8,110.0,100.0,304,member,7
174,9,103.0,107.0,284,member,7
174,10,108.0,105.0,264,member,7
175,1,0.0,0.0,475,leader,1
175,7,105.0,98.0,297,leader,7
175,8,110.0,100.0,303,member,7
175,9,103.0,107.0,283,member,7
175,10,108.0,105.0,263,member,7
176,1,0.0,0.0,472,leader,1
176,7,105.0,98.0,294,leader,7
176,8,110.0,100.0,302,member,7
176,9,103.0,107.0,282,member,7
176,10,108.0,105.0,262,member,7
177,1,0.0,0.0,469,leader,1
177,7,105.0,98.0,291,leader,7
177,8,110.0,100.0,301,member,7
177,9,103.0,107.0,281,member,7
177,10,108.0,105.0,261,member,7
178,1,0.0,0.0,466,leader,1
178,7,105.0,98.0,288,leader,7
178,8,110.0,100.0,300,member,7
178,9,103.0,107.0,280,member,7
178,10,108.0,105.0,260,member,7
179,1,0.0,0.0,463,leader,1
179,7,105.0,98.0,285,leader,7
179,8,110.0,100.0,299,member,7
179,9,103.0,107.0,279,member,7
179,10,108.0,105.0,259,member,7
180,1,0.0,0.0,460,leader,1
180,7,105.0,98.0,282,leader,7
180,8,110.0,100.0,298,member,7
180,9,103.0,107.0,278,member,7
180,10,108.0,105.0,258,member,7
181,1,0.0,0.0,457,leader,1
181,7,105.0,98.0,279,leader,7
181,8,110.0,100.0,297,member,7
181,9,103.0,107.0,277,member,7
181,10,108.0,105.0,257,member,7
182,1,0.0,0.0,454,leader,1
182,7,105.0,98.0,276,leader,7
182,8,110.0,100.0,296,member,7
182,9,103.0,107.0,276,member,7
182,10,108.0,105.0,256,member,7
183,1,0.0,0.0,451,leader,1
183,7,105.0,98.0,273,leader,7
183,8,110.0,100.0,295,member,7
183,9,103.0,107.0,275,member,7
183,10,108.0,105.0,255,member,7
184,1,0.0,0.0,448,leader,1
184,7,105.0,98.0,270,leader,7
184,8,110.0,100.0,294,member,7
184,9,103.0,107.0,274,member,7
184,10,108.0,105.0,254,member,7
185,1,0.0,0.0,445,leader,1
185,7,105.0,98.0,267,leader,7
185,8,110.0,100.0,293,member,7
185,9,103.0,107.0,273,member,7
185,10,108.0,105.0,253,member,7
186,1,0.0,0.0,442,leader,1
186,7,105.0,98.0,264,leader,7
186,8,110.0,100.0,292,member,7
186,9,103.0,107.0,272,member,7
186,10,108.0,105.0,252,member,7
187,1,0.0,0.0,439,leader,1
187,7,105.0,98.0,261,leader,7
187,8,110.0,100.0,291,member,7
187,9,103.0,107.0,271,member,7
187,10,108.0,105.0,251,member,7
188,1,0.0,0.0,436,leader,1
188,7,105.0,98.0,258,leader,7
188,8,110.0,100.0,290,member,7
188,9,103.0,107.0,270,member,7
188,10,108.0,105.0,250,member,7
189,1,0.0,0.0,433,leader,1
189,7,105.0,98.0,255,leader,7
189,8,110.0,100.0,289,member,7
189,9,103.0,107.0,269,member,7
189,10,108.0,105.0,249,member,7
190,1,0.0,0.0,430,leader,1
190,7,105.0,98.0,252,leader,7
190,8,110.0,100.0,288,member,7
190,9,103.0,107.0,268,member,7
190,10,108.0,105.0,248,member,7
191,1,0.0,0.0,427,leader,1
191,7,105.0,98.0,249,leader,7
191,8,110.0,100.0,287,member,7
191,9,103.0,107.0,267,member,7
191,10,108.0,105.0,247,member,7
192,1,0.0,0.0,424,leader,1
192,7,105.0,98.0,246,leader,7
192,8,110.0,100.0,286,member,7
192,9,103.0,107.0,266,member,7
192,10,108.0,105.0,246,member,7
193,1,0.0,0.0,421,leader,1
193,7,105.0,98.0,243,leader,7
193,8,110.0,100.0,285,member,7
193,9,103.0,107.0,265,member,7
193,10,108.0,105.0,245,member,7
194,1,0.0,0.0,418,leader,1
194,7,105.0,98.0,240,leader,7
194,8,110.0,100.0,284,member,7
194,9,103.0,107.0,264,member,7
194,10,108.0,105.0,244,member,7
195,1,0.0,0.0,415,leader,1
195,7,105.0,98.0,237,leader,7
195,8,110.0,100.0,283,member,7
195,9,103.0,107.0,263,member,7
195,10,108.0,105.0,243,member,7
196,1,0.0,0.0,412,leader,1
196,7,105.0,98.0,234,leader,7
196,8,110.0,100.0,282,member,7
196,9,103.0,107.0,262,member,7
196,10,108.0,105.0,242,member,7
197,1,0.0,0.0,409,leader,1
197,7,105.0,98.0,231,leader,7
197,8,110.0,100.0,281,member,7
197,9,103.0,107.0,261,member,7
197,10,108.0,105.0,241,member,7
198,1,0.0,0.0,406,leader,1
198,7,105.0,98.0,228,leader,7
198,8,110.0,100.0,280,member,7
198,9,103.0,107.0,260,member,7
198,10,108.0,105.0,240,member,7
199,1,0.0,0.0,403,leader,1
199,7,105.0,98.0,225,leader,7
199,8,110.0,100.0,279,member,7
199,9,103.0,107.0,259,member,7
199,10,108.0,105.0,239,member,7
200,1,0.0,0.0,400,leader,1
200,7,105.0,98.0,222,leader,7
200,8,110.0,100.0,278,member,7
200,9,103.0,107.0,258,member,7
200,10,108.0,105.0,238,member,7
201,1,0.0,0.0,397,leader,1
201,7,105.0,98.0,219,leader,7
201,8,110.0,100.0,277,member,7
201,9,103.0,107.0,257,member,7
201,10,108.0,105.0,237,member,7
202,1,0.0,0.0,394,leader,1
202,7,105.0,98.0,216,leader,7
202,8,110.0,100.0,276,member,7
202,9,103.0,107.0,256,member,7
202,10,108.0,105.0,236,member,7
203,1,0.0,0.0,391,leader,1
203,7,105.0,98.0,213,leader,7
203,8,110.0,100.0,275,member,7
203,9,103.0,107.0,255,member,7
203,10,108.0,105.0,235,member,7
204,1,0.0,0.0,388,leader,1
204,7,105.0,98.0,210,leader,7
204,8,110.0,100.0,274,member,7
204,9,103.0,107.0,254,member,7
204,10,108.0,105.0,234,member,7
205,1,0.0,0.0,385,leader,1
205,7,105.0,98.0,207,leader,7
205,8,110.0,100.0,273,member,7
205,9,103.0,107.0,253,member,7
205,10,108.0,105.0,233,member,7
206,1,0.0,0.0,382,leader,1
206,7,105.0,98.0,204,leader,7
206,8,110.0,100.0,272,member,7
206,9,103.0,107.0,252,member,7
206,10,108.0,105.0,232,member,7
207,1,0.0,0.0,379,leader,1
207,7,105.0,98.0,201,leader,7
207,8,110.0,100.0,271,member,7
207,9,103.0,107.0,251,member,7
207,10,108.0,105.0,231,member,7
208,1,0.0,0.0,376,leader,1
208,7,105.0,98.0,198,leader,7
208,8,110.0,100.0,270,member,7
208,9,103.0,107.0,250,member,7
208,10,108.0,105.0,230,member,7
209,1,0.0,0.0,373,leader,1
209,7,105.0,98.0,195,leader,7
209,8,110.0,100.0,269,member,7
209,9,103.0,107.0,249,member,7
209,10,108.0,105.0,229,member,7
210,1,0.0,0.0,370,leader,1
210,7,105.0,98.0,192,leader,7
210,8,110.0,100.0,268,member,7
210,9,103.0,107.0,248,member,7
210,10,108.0,105.0,228,member,7
211,1,0.0,0.0,367,leader,1
211,7,105.0,98.0,189,leader,7
211,8,110.0,100.0,267,member,7
211,9,103.0,107.0,247,member,7
211,10,108.0,105.0,227,member,7
212,1,0.0,0.0,364,leader,1
212,7,105.0,98.0,186,leader,7
212,8,110.0,100.0,266,member,7
212,9,103.0,107.0,246,member,7
212,10,108.0,105.0,226,member,7
213,1,0.0,0.0,361,leader,1
213,7,105.0,98.0,183,leader,7
213,8,110.0,100.0,265,member,7
213,9,103.0,107.0,245,member,7
213,10,108.0,105.0,225,member,7
214,1,0.0,0.0,358,leader,1
214,7,105.0,98.0,180,leader,7
214,8,110.0,100.0,264,member,7
214,9,103.0,107.0,244,member,7
214,10,108.0,105.0,224,member,7
215,1,0.0,0.0,355,leader,1
215,7,105.0,98.0,177,leader,7
215,8,110.0,100.0,263,member,7
215,9,103.0,107.0,243,member,7
215,10,108.0,105.0,223,member,7
216,1,0.0,0.0,352,leader,1
216,7,105.0,98.0,174,leader,7
216,8,110.0,100.0,262,member,7
216,9,103.0,107.0,242,member,7
216,10,108.0,105.0,222,member,7
217,1,0.0,0.0,349,leader,1
217,7,105.0,98.0,171,leader,7
217,8,110.0,100.0,261,member,7
217,9,103.0,107.0,241,member,7
217,10,108.0,105.0,221,member,7
218,1,0.0,0.0,346,leader,1
218,7,105.0,98.0,168,leader,7
218,8,110.0,100.0,260,member,7
218,9,103.0,107.0,240,member,7
218,10,108.0,105.0,220,member,7
219,1,0.0,0.0,343,leader,1
219,7,105.0,98.0,165,leader,7
219,8,110.0,100.0,259,member,7
219,9,103.0,107.0,239,member,7
219,10,108.0,105.0,219,member,7
220,1,0.0,0.0,340,leader,1
220,7,105.0,98.0,162,leader,7
220,8,110.0,100.0,258,member,7
220,9,103.0,107.0,238,member,7
220,10,108.0,105.0,218,member,7
221,1,0.0,0.0,337,leader,1
221,7,105.0,98.0,159,leader,7
221,8,110.0,100.0,257,member,7
221,9,103.0,107.0,237,member,7
221,10,108.0,105.0,217,member,7
222,1,0.0,0.0,334,leader,1
222,7,105.0,98.0,156,leader,7
222,8,110.0,100.0,256,member,7
222,9,103.0,107.0,236,member,7
222,10,108.0,105.0,216,member,7
223,1,0.0,0.0,331,leader,1
223,7,105.0,98.0,153,leader,7
223,8,110.0,100.0,255,member,7
223,9,103.0,107.0,235,member,7
223,10,108.0,105.0,215,member,7
224,1,0.0,0.0,328,leader,1
224,7,105.0,98.0,150,leader,7
224,8,110.0,100.0,254,member,7
224,9,103.0,107.0,234,member,7
224,10,108.0,105.0,214,member,7
225,1,0.0,0.0,325,leader,1
225,7,105.0,98.0,147,leader,7
225,8,110.0,100.0,253,member,7
225,9,103.0,107.0,233,member,7
225,10,108.0,105.0,213,member,7
226,1,0.0,0.0,322,leader,1
226,7,105.0,98.0,144,leader,7
226,8,110.0,100.0,252,member,7
226,9,103.0,107.0,232,member,7
226,10,108.0,105.0,212,member,7
227,1,0.0,0.0,319,leader,1
227,7,105.0,98.0,141,leader,7
227,8,110.0,100.0,251,member,7
227,9,103.0,107.0,231,member,7
227,10,108.0,105.0,211,member,7
228,1,0.0,0.0,316,leader,1
228,7,105.0,98.0,138,leader,7
228,8,110.0,100.0,250,member,7
228,9,103.0,107.0,230,member,7
228,10,108.0,105.0,210,member,7
229,1,0.0,0.0,313,leader,1
229,7,105.0,98.0,135,leader,7
229,8,110.0,100.0,249,member,7
229,9,103.0,107.0,229,member,7
229,10,108.0,105.0,209,member,7
230,1,0.0,0.0,310,leader,1
230,7,105.0,98.0,132,leader,7
230,8,110.0,100.0,248,member,7
230,9,103.0,107.0,228,member,7
230,10,108.0,105.0,208,member,7
231,1,0.0,0.0,307,leader,1
231,7,105.0,98.0,129,leader,7
231,8,110.0,100.0,247,member,7
231,9,103.0,107.0,227,member,7
231,10,108.0,105.0,207,member,7
232,1,0.0,0.0,304,leader,1
232,7,105.0,98.0,126,leader,7
232,8,110.0,100.0,246,member,7
232,9,103.0,107.0,226,member,7
232,10,108.0,105.0,206,member,7
233,1,0.0,0.0,301,leader,1
233,7,105.0,98.0,123,leader,7
233,8,110.0,100.0,245,member,7
233,9,103.0,107.0,225,member,7
233,10,108.0,105.0,205,member,7
234,1,0.0,0.0,298,leader,1
234,7,105.0,98.0,120,leader,7
234,8,110.0,100.0,244,member,7
234,9,103.0,107.0,224,member,7
234,10,108.0,105.0,204,member,7
235,1,0.0,0.0,295,leader,1
235,7,105.0,98.0,117,leader,7
235,8,110.0,100.0,243,member,7
235,9,103.0,107.0,223,member,7
235,10,108.0,105.0,203,member,7
236,1,0.0,0.0,292,leader,1
236,7,105.0,98.0,114,leader,7
236,8,110.0,100.0,242,member,7
236,9,103.0,107.0,222,member,7
236,10,108.0,105.0,202,member,7
237,1,0.0,0.0,289,leader,1
237,7,105.0,98.0,111,leader,7
237,8,110.0,100.0,241,member,7
237,9,103.0,107.0,221,member,7
237,10,108.0,105.0,201,member,7
238,1,0.0,0.0,286,leader,1
238,7,105.0,98.0,108,leader,7
238,8,110.0,100.0,240,member,7
238,9,103.0,107.0,220,member,7
238,10,108.0,105.0,200,member,7
239,1,0.0,0.0,283,leader,1
239,7,105.0,98.0,105,leader,7
239,8,110.0,100.0,239,member,7
239,9,103.0,107.0,219,member,7
239,10,108.0,105.0,199,member,7
240,1,0.0,0.0,280,leader,1
240,7,105.0,98.0,102,leader,7
240,8,110.0,100.0,238,member,7
240,9,103.0,107.0,218,member,7
240,10,108.0,105.0,198,member,7
241,1,0.0,0.0,277,leader,1
241,7,105.0,98.0,99,leader,7
241,8,110.0,100.0,237,member,7
241,9,103.0,107.0,217,member,7
241,10,108.0,105.0,197,member,7
242,1,0.0,0.0,274,leader,1
242,7,105.0,98.0,96,leader,7
242,8,110.0,100.0,236,member,7
242,9,103.0,107.0,216,member,7
242,10,108.0,105.0,196,member,7
243,1,0.0,0.0,271,leader,1
243,7,105.0,98.0,93,leader,7
243,8,110.0,100.0,235,member,7
243,9,103.0,107.0,215,member,7
243,10,108.0,105.0,195,member,7
244,1,0.0,0.0,268,leader,1
244,7,105.0,98.0,90,leader,7
244,8,110.0,100.0,234,member,7
244,9,103.0,107.0,214,member,7
244,10,108.0,105.0,194,member,7
245,1,0.0,0.0,265,leader,1
245,7,105.0,98.0,87,leader,7
245,8,110.0,100.0,233,member,7
245,9,103.0,107.0,213,member,7
245,10,108.0,105.0,193,member,7
246,1,0.0,0.0,262,leader,1
246,7,105.0,98.0,84,leader,7
246,8,110.0,100.0,232,member,7
246,9,103.0,107.0,212,member,7
246,10,108.0,105.0,192,member,7
247,1,0.0,0.0,259,leader,1
247,7,105.0,98.0,81,leader,7
247,8,110.0,100.0,231,member,7
247,9,103.0,107.0,211,member,7
247,10,108.0,105.0,191,member,7
248,1,0.0,0.0,256,leader,1
248,7,105.0,98.0,78,leader,7
248,8,110.0,100.0,230,member,7
248,9,103.0,107.0,210,member,7
248,10,108.0,105.0,190,member,7
249,1,0.0,0.0,253,leader,1
249,7,105.0,98.0,75,leader,7
249,8,110.0,100.0,229,member,7
249,9,103.0,107.0,209,member,7
249,10,108.0,105.0,189,member,7
250,1,0.0,0.0,250,leader,1
250,7,105.0,98.0,72,leader,7
250,8,110.0,100.0,228,member,7
250,9,103.0,107.0,208,member,7
250,10,108.0,105.0,188,member,7
251,1,0.0,0.0,247,leader,1
251,7,105.0,98.0,69,leader,7
251,8,110.0,100.0,227,member,7
251,9,103.0,107.0,207,member,7
251,10,108.0,105.0,187,member,7
252,1,0.0,0.0,244,leader,1
252,7,105.0,98.0,66,leader,7
252,8,110.0,100.0,226,member,7
252,9,103.0,107.0,206,member,7
252,10,108.0,105.0,186,member,7
253,1,0.0,0.0,241,leader,1
253,7,105.0,98.0,63,leader,7
253,8,110.0,100.0,225,member,7
253,9,103.0,107.0,205,member,7
253,10,108.0,105.0,185,member,7
254,1,0.0,0.0,238,leader,1
254,7,105.0,98.0,60,leader,7
254,8,110.0,100.0,224,member,7
254,9,103.0,107.0,204,member,7
254,10,108.0,105.0,184,member,7
255,1,0.0,0.0,235,leader,1
255,7,105.0,98.0,57,leader,7
255,8,110.0,100.0,223,member,7
255,9,103.0,107.0,203,member,7
255,10,108.0,105.0,183,member,7
256,1,0.0,0.0,232,leader,1
256,7,105.0,98.0,54,leader,7
256,8,110.0,100.0,222,member,7
256,9,103.0,107.0,202,member,7
256,10,108.0,105.0,182,member,7
257,1,0.0,0.0,229,leader,1
257,7,105.0,98.0,51,leader,7
257,8,110.0,100.0,221,member,7
257,9,103.0,107.0,201,member,7
257,10,108.0,105.0,181,member,7
258,1,0.0,0.0,226,leader,1
258,7,105.0,98.0,48,leader,7
258,8,110.0,100.0,220,member,7
258,9,103.0,107.0,200,member,7
258,10,108.0,105.0,180,member,7
259,1,0.0,0.0,223,leader,1
259,7,105.0,98.0,45,leader,7
259,8,110.0,100.0,219,member,7
259,9,103.0,107.0,199,member,7
259,10,108.0,105.0,179,member,7
260,1,0.0,0.0,220,leader,1
260,7,105.0,98.0,42,leader,7
260,8,110.0,100.0,218,member,7
260,9,103.0,107.0,198,member,7
260,10,108.0,105.0,178,member,7
261,1,0.0,0.0,217,leader,1
261,7,105.0,98.0,39,leader,7
261,8,110.0,100.0,217,member,7
261,9,103.0,107.0,197,member,7
261,10,108.0,105.0,177,member,7
262,1,0.0,0.0,214,leader,1
262,7,105.0,98.0,36,leader,7
262,8,110.0,100.0,216,member,7
262,9,103.0,107.0,196,member,7
262,10,108.0,105.0,176,member,7
263,1,0.0,0.0,211,leader,1
263,7,105.0,98.0,33,leader,7
263,8,110.0,100.0,215,member,7
263,9,103.0,107.0,195,member,7
263,10,108.0,105.0,175,member,7
264,1,0.0,0.0,208,leader,1
264,7,105.0,98.0,30,leader,7
264,8,110.0,100.0,214,member,7
264,9,103.0,107.0,194,member,7
264,10,108.0,105.0,174,member,7
265,1,0.0,0.0,205,leader,1
265,7,105.0,98.0,27,leader,7
265,8,110.0,100.0,213,member,7
265,9,103.0,107.0,193,member,7
265,10,108.0,105.0,173,member,7
266,1,0.0,0.0,202,leader,1
266,7,105.0,98.0,24,leader,7
266,8,110.0,100.0,212,member,7
266,9,103.0,107.0,192,member,7
266,10,108.0,105.0,172,member,7
267,1,0.0,0.0,199,leader,1
267,7,105.0,98.0,21,leader,7
267,8,110.0,100.0,211,member,7
267,9,103.0,107.0,191,member,7
267,10,108.0,105.0,171,member,7
268,1,0.0,0.0,196,leader,1
268,7,105.0,98.0,18,leader,7
268,8,110.0,100.0,210,member,7
268,9,103.0,107.0,190,member,7
268,10,108.0,105.0,170,member,7
269,1,0.0,0.0,193,leader,1
269,7,105.0,98.0,15,leader,7
269,8,110.0,100.0,209,member,7
269,9,103.0,107.0,189,member,7
269,10,108.0,105.0,169,member,7
270,1,0.0,0.0,190,leader,1
270,7,105.0,98.0,12,leader,7
270,8,110.0,100.0,208,member,7
270,9,103.0,107.0,188,member,7
270,10,108.0,105.0,168,member,7
271,1,0.0,0.0,187,leader,1
271,7,105.0,98.0,9,leader,7
271,8,110.0,100.0,207,member,7
271,9,103.0,107.0,187,member,7
271,10,108.0,105.0,167,member,7
272,1,0.0,0.0,184,leader,1
272,7,105.0,98.0,6,leader,7
272,8,110.0,100.0,206,member,7
272,9,103.0,107.0,186,member,7
272,10,108.0,105.0,166,member,7
273,1,0.0,0.0,181,leader,1
273,7,105.0,98.0,3,leader,7
273,8,110.0,100.0,205,member,7
273,9,103.0,107.0,185,member,7
273,10,108.0,105.0,165,member,7
274,1,0.0,0.0,178,leader,1
274,8,110.0,100.0,202,leader,8
274,9,103.0,107.0,182,member,8
274,10,108.0,105.0,162,member,8
274,7,105.0,98.0,0,leader,7
275,1,0.0,0.0,175,leader,1
275,8,110.0,100.0,199,leader,8
275,9,103.0,107.0,181,member,8
275,10,108.0,105.0,161,member,8
276,1,0.0,0.0,172,leader,1
276,8,110.0,100.0,196,leader,8
276,9,103.0,107.0,180,member,8
276,10,108.0,105.0,160,member,8
277,1,0.0,0.0,169,leader,1
277,8,110.0,100.0,193,leader,8
277,9,103.0,107.0,179,member,8
277,10,108.0,105.0,159,member,8
278,1,0.0,0.0,166,leader,1
278,8,110.0,100.0,190,leader,8
278,9,103.0,107.0,178,member,8
278,10,108.0,105.0,158,member,8
279,1,0.0,0.0,163,leader,1
279,8,110.0,100.0,187,leader,8
279,9,103.0,107.0,177,member,8
279,10,108.0,105.0,157,member,8
280,1,0.0,0.0,160,leader,1
280,8,110.0,100.0,184,leader,8
280,9,103.0,107.0,176,member,8
280,10,108.0,105.0,156,member,8
281,1,0.0,0.0,157,leader,1
281,8,110.0,100.0,181,leader,8
281,9,103.0,107.0,175,member,8
281,10,108.0,105.0,155,member,8
282,1,0.0,0.0,154,leader,1
282,8,110.0,100.0,178,leader,8
282,9,103.0,107.0,174,member,8
282,10,108.0,105.0,154,member,8
283,1,0.0,0.0,151,leader,1
283,8,110.0,100.0,175,leader,8
283,9,103.0,107.0,173,member,8
283,10,108.0,105.0,153,member,8
284,1,0.0,0.0,148,leader,1
284,8,110.0,100.0,172,leader,8
284,9,103.0,107.0,172,member,8
284,10,108.0,105.0,152,member,8
285,1,0.0,0.0,145,leader,1
285,8,110.0,100.0,169,leader,8
285,9,103.0,107.0,171,member,8
285,10,108.0,105.0,151,member,8
286,1,0.0,0.0,142,leader,1
286,8,110.0,100.0,166,leader,8
286,9,103.0,107.0,170,member,8
286,10,108.0,105.0,150,member,8
287,1,0.0,0.0,139,leader,1
287,8,110.0,100.0,163,leader,8
287,9,103.0,107.0,169,member,8
287,10,108.0,105.0,149,member,8
288,1,0.0,0.0,136,leader,1
288,8,110.0,100.0,160,leader,8
288,9,103.0,107.0,168,member,8
288,10,108.0,105.0,148,member,8
289,1,0.0,0.0,133,leader,1
289,8,110.0,100.0,157,leader,8
289,9,103.0,107.0,167,member,8
289,10,108.0,105.0,147,member,8
290,1,0.0,0.0,130,leader,1
290,8,110.0,100.0,154,leader,8
290,9,103.0,107.0,166,member,8
290,10,108.0,105.0,146,member,8
291,1,0.0,0.0,127,leader,1
291,8,110.0,100.0,151,leader,8
291,9,103.0,107.0,165,member,8
291,10,108.0,105.0,145,member,8
292,1,0.0,0.0,124,leader,1
292,8,110.0,100.0,148,leader,8
292,9,103.0,107.0,164,member,8
292,10,108.0,105.0,144,member,8
293,1,0.0,0.0,121,leader,1
293,8,110.0,100.0,145,leader,8
293,9,103.0,107.0,163,member,8
293,10,108.0,105.0,143,member,8
294,1,0.0,0.0,118,leader,1
294,8,110.0,100.0,142,leader,8
294,9,103.0,107.0,162,member,8
294,10,108.0,105.0,142,member,8
295,1,0.0,0.0,115,leader,1
295,8,110.0,100.0,139,leader,8
295,9,103.0,107.0,161,member,8
295,10,108.0,105.0,141,member,8
296,1,0.0,0.0,112,leader,1
296,8,110.0,100.0,136,leader,8
296,9,103.0,107.0,160,member,8
296,10,108.0,105.0,140,member,8
297,1,0.0,0.0,109,leader,1
297,8,110.0,100.0,133,leader,8
297,9,103.0,107.0,159,member,8
297,10,108.0,105.0,139,member,8
298,1,0.0,0.0,106,leader,1
298,8,110.0,100.0,130,leader,8
298,9,103.0,107.0,158,member,8
298,10,108.0,105.0,138,member,8
299,1,0.0,0.0,103,leader,1
299,8,110.0,100.0,127,leader,8
299,9,103.0,107.0,157,member,8
299,10,108.0,105.0,137,member,8
300,1,0.0,0.0,100,leader,1
300,8,110.0,100.0,124,leader,8
300,9,103.0,107.0,156,member,8
300,10,108.0,105.0,136,member,8
301,1,0.0,0.0,97,leader,1
301,8,110.0,100.0,121,leader,8
301,9,103.0,107.0,155,member,8
301,10,108.0,105.0,135,member,8
302,1,0.0,0.0,94,leader,1
302,8,110.0,100.0,118,leader,8
302,9,103.0,107.0,154,member,8
302,10,108.0,105.0,134,member,8
303,1,0.0,0.0,91,leader,1
303,8,110.0,100.0,115,leader,8
303,9,103.0,107.0,153,member,8
303,10,108.0,105.0,133,member,8
304,1,0.0,0.0,88,leader,1
304,8,110.0,100.0,112,leader,8
304,9,103.0,107.0,152,member,8
304,10,108.0,105.0,132,member,8
305,1,0.0,0.0,85,leader,1
305,8,110.0,100.0,109,leader,8
305,9,103.0,107.0,151,member,8
305,10,108.0,105.0,131,member,8
306,1,0.0,0.0,82,leader,1
306,8,110.0,100.0,106,leader,8
306,9,103.0,107.0,150,member,8
306,10,108.0,105.0,130,member,8
307,1,0.0,0.0,79,leader,1
307,8,110.0,100.0,103,leader,8
307,9,103.0,107.0,149,member,8
307,10,108.0,105.0,129,member,8
308,1,0.0,0.0,76,leader,1
308,8,110.0,100.0,100,leader,8
308,9,103.0,107.0,148,member,8
308,10,108.0,105.0,128,member,8
309,1,0.0,0.0,73,leader,1
309,8,110.0,100.0,97,leader,8
309,9,103.0,107.0,147,member,8
309,10,108.0,105.0,127,member,8
310,1,0.0,0.0,70,leader,1
310,8,110.0,100.0,94,leader,8
310,9,103.0,107.0,146,member,8
310,10,108.0,105.0,126,member,8
311,1,0.0,0.0,67,leader,1
311,8,110.0,100.0,91,leader,8
311,9,103.0,107.0,145,member,8
311,10,108.0,105.0,125,member,8
312,1,0.0,0.0,64,leader,1
312,8,110.0,100.0,88,leader,8
312,9,103.0,107.0,144,member,8
312,10,108.0,105.0,124,member,8
313,1,0.0,0.0,61,leader,1
313,8,110.0,100.0,85,leader,8
313,9,103.0,107.0,143,member,8
313,10,108.0,105.0,123,member,8
314,1,0.0,0.0,58,leader,1
314,8,110.0,100.0,82,leader,8
314,9,103.0,107.0,142,member,8
314,10,108.0,105.0,122,member,8
315,1,0.0,0.0,55,leader,1
315,8,110.0,100.0,79,leader,8
315,9,103.0,107.0,141,member,8
315,10,108.0,105.0,121,member,8
316,1,0.0,0.0,52,leader,1
316,8,110.0,100.0,76,leader,8
316,9,103.0,107.0,140,member,8
316,10,108.0,105.0,120,member,8
317,1,0.0,0.0,49,leader,1
317,8,110.0,100.0,73,leader,8
317,9,103.0,107.0,139,member,8
317,10,108.0,105.0,119,member,8
318,1,0.0,0.0,46,leader,1
318,8,110.0,100.0,70,leader,8
318,9,103.0,107.0,138,member,8
318,10,108.0,105.0,118,member,8
319,1,0.0,0.0,43,leader,1
319,8,110.0,100.0,67,leader,8
319,9,103.0,107.0,137,member,8
319,10,108.0,105.0,117,member,8
320,1,0.0,0.0,40,leader,1
320,8,110.0,100.0,64,leader,8
320,9,103.0,107.0,136,member,8
320,10,108.0,105.0,116,member,8
321,1,0.0,0.0,37,leader,1
321,8,110.0,100.0,61,leader,8
321,9,103.0,107.0,135,member,8
321,10,108.0,105.0,115,member,8
322,1,0.0,0.0,34,leader,1
322,8,110.0,100.0,58,leader,8
322,9,103.0,107.0,134,member,8
322,10,108.0,105.0,114,member,8
323,1,0.0,0.0,31,leader,1
323,8,110.0,100.0,55,leader,8
323,9,103.0,107.0,133,member,8
323,10,108.0,105.0,113,member,8
324,1,0.0,0.0,28,leader,1
324,8,110.0,100.0,52,leader,8
324,9,103.0,107.0,132,member,8
324,10,108.0,105.0,112,member,8
325,1,0.0,0.0,25,leader,1
325,8,110.0,100.0,49,leader,8
325,9,103.0,107.0,131,member,8
325,10,108.0,105.0,111,member,8
326,1,0.0,0.0,22,leader,1
326,8,110.0,100.0,46,leader,8
326,9,103.0,107.0,130,member,8
326,10,108.0,105.0,110,member,8
327,1,0.0,0.0,19,leader,1
327,8,110.0,100.0,43,leader,8
327,9,103.0,107.0,129,member,8
327,10,108.0,105.0,109,member,8
328,1,0.0,0.0,16,leader,1
328,8,110.0,100.0,40,leader,8
328,9,103.0,107.0,128,member,8
328,10,108.0,105.0,108,member,8
329,1,0.0,0.0,13,leader,1
329,8,110.0,100.0,37,leader,8
329,9,103.0,107.0,127,member,8
329,10,108.0,105.0,107,member,8
330,1,0.0,0.0,10,leader,1
330,8,110.0,100.0,34,leader,8
330,9,103.0,107.0,126,member,8
330,10,108.0,105.0,106,member,8
331,1,0.0,0.0,7,leader,1
331,8,110.0,100.0,31,leader,8
331,9,103.0,107.0,125,member,8
331,10,108.0,105.0,105,member,8
332,1,0.0,0.0,4,leader,1
332,8,110.0,100.0,28,leader,8
332,9,103.0,107.0,124,member,8
332,10,108.0,105.0,104,member,8
333,1,0.0,0.0,1,leader,1
333,8,110.0,100.0,25,leader,8
333,9,103.0,107.0,123,member,8
333,10,108.0,105.0,103,member,8
334,8,110.0,100.0,22,leader,8
334,9,103.0,107.0,122,member,8
334,10,108.0,105.0,102,member,8
334,1,0.0,0.0,0,leader,1
335,8,110.0,100.0,19,leader,8
335,9,103.0,107.0,121,member,8
335,10,108.0,105.0,101,member,8
336,8,110.0,100.0,16,leader,8
336,9,103.0,107.0,120,member,8
336,10,108.0,105.0,100,member,8
337,8,110.0,100.0,13,leader,8
337,9,103.0,107.0,119,member,8
337,10,108.0,105.0,99,member,8
338,8,110.0,100.0,10,leader,8
338,9,103.0,107.0,118,member,8
338,10,108.0,105.0,98,member,8
339,8,110.0,100.0,7,leader,8
339,9,103.0,107.0,117,member,8
339,10,108.0,105.0,97,member,8
340,8,110.0,100.0,4,leader,8
340,9,103.0,107.0,116,member,8
340,10,108.0,105.0,96,member,8
341,8,110.0,100.0,1,leader,8
341,9,103.0,107.0,115,member,8
341,10,108.0,105.0,95,member,8
342,9,103.0,107.0,112,leader,9
342,10,108.0,105.0,92,member,9
342,8,110.0,100.0,0,leader,8
343,9,103.0,107.0,109,leader,9
343,10,108.0,105.0,91,member,9
344,9,103.0,107.0,106,leader,9
344,10,108.0,105.0,90,member,9
345,9,103.0,107.0,103,leader,9
345,10,108.0,105.0,89,member,9
346,9,103.0,107.0,100,leader,9
346,10,108.0,105.0,88,member,9
347,9,103.0,107.0,97,leader,9
347,10,108.0,105.0,87,member,9
348,9,103.0,107.0,94,leader,9
348,10,108.0,105.0,86,member,9
349,9,103.0,107.0,91,leader,9
349,10,108.0,105.0,85,member,9
350,9,103.0,107.0,88,leader,9
350,10,108.0,105.0,84,member,9
351,9,103.0,107.0,85,leader,9
351,10,108.0,105.0,83,member,9
352,9,103.0,107.0,82,leader,9
352,10,108.0,105.0,82,member,9
353,9,103.0,107.0,79,leader,9
353,10,108.0,105.0,81,member,9
354,9,103.0,107.0,76,leader,9
354,10,108.0,105.0,80,member,9
355,9,103.0,107.0,73,leader,9
355,10,108.0,105.0,79,member,9
356,9,103.0,107.0,70,leader,9
356,10,108.0,105.0,78,member,9
357,9,103.0,107.0,67,leader,9
357,10,108.0,105.0,77,member,9
358,9,103.0,107.0,64,leader,9
358,10,108.0,105.0,76,member,9
359,9,103.0,107.0,61,leader,9
359,10,108.0,105.0,75,member,9
360,9,103.0,107.0,58,leader,9
360,10,108.0,105.0,74,member,9
361,9,103.0,107.0,55,leader,9
361,10,108.0,105.0,73,member,9
362,9,103.0,107.0,52,leader,9
362,10,108.0,105.0,72,member,9
363,9,103.0,107.0,49,leader,9
363,10,108.0,105.0,71,member,9
364,9,103.0,107.0,46,leader,9
364,10,108.0,105.0,70,member,9
365,9,103.0,107.0,43,leader,9
365,10,108.0,105.0,69,member,9
366,9,103.0,107.0,40,leader,9
366,10,108.0,105.0,68,member,9
367,9,103.0,107.0,37,leader,9
367,10,108.0,105.0,67,member,9
368,9,103.0,107.0,34,leader,9
368,10,108.0,105.0,66,member,9
369,9,103.0,107.0,31,leader,9
369,10,108.0,105.0,65,member,9
370,9,103.0,107.0,28,leader,9
370,10,108.0,105.0,64,member,9
371,9,103.0,107.0,25,leader,9
371,10,108.0,105.0,63,member,9
372,9,103.0,107.0,22,leader,9
372,10,108.0,105.0,62,member,9
373,9,103.0,107.0,19,leader,9
373,10,108.0,105.0,61,member,9
374,9,103.0,107.0,16,leader,9
374,10,108.0,105.0,60,member,9
375,9,103.0,107.0,13,leader,9
375,10,108.0,105.0,59,member,9
376,9,103.0,107.0,10,leader,9
376,10,108.0,105.0,58,member,9
377,9,103.0,107.0,7,leader,9
377,10,108.0,105.0,57,member,9
378,9,103.0,107.0,4,leader,9
378,10,108.0,105.0,56,member,9
379,9,103.0,107.0,1,leader,9
379,10,108.0,105.0,55,member,9
380,10,108.0,105.0,52,leader,10
380,9,103.0,107.0,0,leader,9
381,10,108.0,105.0,49,leader,10
382,10,108.0,105.0,46,leader,10
383,10,108.0,105.0,43,leader,10
384,10,108.0,105.0,40,leader,10
385,10,108.0,105.0,37,leader,10
386,10,108.0,105.0,34,leader,10
387,10,108.0,105.0,31,leader,10
388,10,108.0,105.0,28,leader,10
389,10,108.0,105.0,25,leader,10
390,10,108.0,105.0,22,leader,10
391,10,108.0,105.0,19,leader,10
392,10,108.0,105.0,16,leader,10
393,10,108.0,105.0,13,leader,10
394,10,108.0,105.0,10,leader,10
395,10,108.0,105.0,7,leader,10
396,10,108.0,105.0,4,leader,10
397,10,108.0,105.0,1,leader,10
398,10,108.0,105.0,0,leader,10
